"0","Carroll, Moore and Herman"
"1","Everett, Smith and Reed"
"2","Berg, Simmons and James"
"3","Cobb-Thompson"
"4","Davies-Rocha"
"5","Summers Inc"
"6","Williams Inc"
"7","Everett Group"
"8","Mcdaniel, Mills and Lopez"
"9","Miller, Watson and Walker"
"10","Smith PLC"
"11","Cruz-Anderson"
"12","Davis, Oliver and Jarvis"
"13","Perez-Blackburn"
"14","Vazquez, Newman and Nunez"
"15","Alvarez Ltd"
"16","Warren, Gray and Padilla"
"17","Clark, Coleman and Benson"
"18","Mckenzie-Hicks"
"19","Gutierrez-Lang"
"20","Anderson-Shaw"
"21","Frederick-Franco"
"22","Parks, Gillespie and Alvarez"
"23","George LLC"
"24","Vazquez Ltd"
"25","Rice LLC"
"26","Chavez Ltd"
"27","Bonilla-Baldwin"
"28","Lynch, Schwartz and Williams"
"29","Robinson Inc"
"30","Richardson Ltd"
"31","Young-Jordan"
"32","Mcdowell LLC"
"33","Garcia and Sons"
"34","Snyder-Lee"
"35","Myers-King"
"36","Dawson-Mathis"
"37","Griffin, Walker and Duran"
"38","Holmes-Pierce"
"39","Lawrence, Gonzales and Perez"
"40","Diaz and Sons"
"41","Smith, Baker and Sexton"
"42","Maldonado Group"
"43","Marshall, Foster and Simmons"
"44","Ware-Jones"
"45","Singh-Sims"
"46","Price, Wagner and Kelley"
"47","Butler Inc"
"48","Collins-Wilson"
"49","Rodriguez, James and Fields"
