"0","ana51@yahoo.com","Misty","Phillips","4978 Chapman Bypass
Sanchezfurt, TN 23177","pbkdf2:sha256:260000$2PCy9LyyiRxiMUGR$c7c6072ef1baffb5bac677532d38893ba9cf2f37250ec2052842aa3f2dd9c0d4","260.13"
"1","daniel83@hotmail.com","Jody","Webster","22482 Wong Hill Suite 577
North Larrymouth, WY 25147","pbkdf2:sha256:260000$85VhbuIBRoqmlnIS$8d0a336665da80ff52ee6b6b11107e74ff372fa9666e6ceaa1428ff0c817203d","418.02"
"2","cameronwilliams@gmail.com","Johnathan","Hurley","0235 Matthew Forest Suite 168
Robinside, WI 70299","pbkdf2:sha256:260000$iLTA6hLFqEzn8A3A$13cf21527decc98749bd4f22d9ea3a80d80d944b90f90988054b0d34572443f2","85.68"
"3","andrea75@gmail.com","Destiny","Buchanan","39621 Jackson Garden
Lake Megan, MS 71663","pbkdf2:sha256:260000$SB5bhlYCRiXJkKcB$efee45dcdab9cfaa04900ed695de60916eb7d114b575d412535d28722742fff5","333.40"
"4","patriciathomas@hotmail.com","Sharon","Daniel","2185 William Shores Apt. 222
Kevinhaven, PA 38969","pbkdf2:sha256:260000$265oGvde2HBkg8Xb$3da6b4280aee48b0ae51ef7dcf036e4607475d6024071d60fd91e951f44ab978","399.40"
"5","erik34@yahoo.com","Christopher","Davis","335 Mcdaniel Fork Suite 589
Teresabury, CA 67569","pbkdf2:sha256:260000$SC6AE53Eo0OoJfzB$a12f2dfb0e6777e6440c5d97ddb35200b7d8d76b9b80db7dba0810cd456f1111","153.70"
"6","gardnertammie@hotmail.com","Brittany","Gonzalez","576 Kayla Ports
Harrisville, AK 15976","pbkdf2:sha256:260000$qXs0i7ukGkF5NSGx$120411201928ef8d20bbba77f37f95d828b302c30f8789a7d69a46cd1d0b053d","69.09"
"7","moraleshaley@hotmail.com","Lisa","Bailey","7278 Joseph Courts Suite 151
Smithhaven, GA 90999","pbkdf2:sha256:260000$86p2mK3ICHO3bYW8$8dee46d8233ba26b5caab9d2019f21e043e49ab5aed75510105fe386e1583d3c","106.67"
"8","codyross@yahoo.com","Paul","Allen","7120 Lisa Brooks Apt. 078
Petersonview, RI 91286","pbkdf2:sha256:260000$6QCmRsqlStIsdNTd$d9fb57e879f64f90ef25dea9d61e4a3d99109812c22057b6bef9de6bbd0cc9e5","193.96"
"9","crystal43@gmail.com","Bobby","Pearson","41613 Victor Curve
Gloriaborough, NV 51580","pbkdf2:sha256:260000$SveM3SeP7L86kbhf$5eedb3e6f3b37a86af03f4097baeddb0a55b5552ed951f22a423fe665d11f360","301.75"
"10","jill46@gmail.com","Kayla","Mason","267 Jill Groves Apt. 451
Austinfurt, VA 34711","pbkdf2:sha256:260000$xbMVkJpYh84mKhaL$862438b4fd13727c233db14bc5a470297d30763aed3b35c38e456baccd1b5c7d","155.12"
"11","caintiffany@hotmail.com","Timothy","Nielsen","95556 Marshall Junctions Apt. 024
New Dennis, HI 54385","pbkdf2:sha256:260000$OPhqR2jOVgZOOxyl$dac17e9139322d3cb87c619a47234f52d93cf5292fdaae70fb15e800c76bc9b2","365.13"
"12","vangjill@hotmail.com","Martin","Fernandez","688 Morrison Prairie Suite 742
Willisside, GA 33628","pbkdf2:sha256:260000$V8jdMoOxytDbby3g$f73e3fa24858160afe62f2be10d91df513bd376ace2211df93f96edfc9ba7a0b","188.53"
"13","dsalazar@hotmail.com","Richard","Tucker","23230 Jon Neck
South Debraburgh, AL 12187","pbkdf2:sha256:260000$6MbqlXfE9oduNlZm$98e36ac95df6a24cad0895a7849518d455919f2bb22872ccd133f2245da40a42","273.54"
"14","lallen@hotmail.com","Debra","Sanchez","982 Nelson Neck
Josephborough, MN 79014","pbkdf2:sha256:260000$QC9FHhGPs3takzZB$3392ef19da565e09c4e2ee3562183b8ad6ca6e2617c1c310cc7621a706d4762a","92.94"
"15","alyssa50@gmail.com","Joseph","Johnson","PSC 2905, Box 1114
APO AA 33131","pbkdf2:sha256:260000$yLbzdNpapuCbSlTl$2c9eb8b852bd8b90830202dbe576e80ec976250474a15eb824fb26d61eaf077c","473.51"
"16","pamela22@yahoo.com","Denise","Moreno","85888 Christine Mission Apt. 219
Lake Natasha, NJ 44471","pbkdf2:sha256:260000$wCau1pXoLPK72Llc$2626465b502d7eb53ecb8dad4d49d6bd367c90873a34d9d5bde7e3ca03833bcf","225.51"
"17","jensenrobert@yahoo.com","Laurie","Moreno","318 Wiggins Crescent
Lake Leestad, TN 82522","pbkdf2:sha256:260000$IntYaEBlkloMuOWW$457030d8a6579e90f8eda416f133fe7fb3095bc7b845711bcd41bb29bc175aa3","386.43"
"18","grichards@gmail.com","Judy","Bennett","76386 Amy Gateway Suite 225
North Kimberly, GA 23518","pbkdf2:sha256:260000$2ehavyYDFfP8f4iI$9f8203b9abdc3fbb34af07bc6379fe8fb06d7168df5744032f71b1f7a19a11c3","120.05"
"19","ibutler@hotmail.com","Benjamin","Riley","763 Colleen Club
Port Elizabeth, WA 53635","pbkdf2:sha256:260000$sSYJb8qgxvLOlrkk$ea5f7be00e909f9150ee8d2d1677c1c24be182ce1e2280ce6ff36a72d877724d","66.86"
"20","jacobsmith@gmail.com","Joshua","Hall","PSC 8364, Box 6647
APO AE 88225","pbkdf2:sha256:260000$7TutHtpxohiYxSrI$6c2fa772a834d31b1de85b96d14eda0d9d53b48b402437612668a9ae52a5f0fa","109.50"
"21","barreramatthew@yahoo.com","Taylor","Ruiz","9529 Jones Rest Suite 668
New Bonnieton, NC 02385","pbkdf2:sha256:260000$HGMuo1gYaNLtWVoT$9bba835aafe23eecf4250711606f77cd553f7362032da407bb700c43722124fe","282.04"
"22","ramosmichael@hotmail.com","Carolyn","Mayer","31470 Cobb Valleys Apt. 818
Matthewport, NC 17966","pbkdf2:sha256:260000$FcYvT1B6AaB95nbL$6d161336c27a878c8d735c2d469a8f443fbe80ccdf93e1a4dea72e10e78efe55","14.40"
"23","hopkinsbecky@hotmail.com","Stacy","Warren","78556 James Falls Apt. 949
Austinstad, NM 03208","pbkdf2:sha256:260000$39dHgyIyLTU800RU$62c9d42a6b9ed593b5c997f977377946ff4c9d7ccc8ed899c198138ca5a97a28","221.90"
"24","kevin66@hotmail.com","Patrick","Torres","15112 Chung Rest
Jesseburgh, WI 99691","pbkdf2:sha256:260000$lxzqlirEyaM6iZjT$31eb404d5ea90b4068d20d5727e0a388c8a2c50e65bdd46d1f21c6f98ffddb3c","415.09"
"25","carrangelica@yahoo.com","Daniel","Obrien","40130 Rodney Stravenue
North Brianton, MA 44110","pbkdf2:sha256:260000$HnSFmOxhbZPUdXWA$648d908b0ee201dbe42eb69d676d5540352865ae9ff557accb25790e908b3b18","136.37"
"26","ylin@gmail.com","Brandon","Gonzalez","34486 Jennifer Stream
Kathymouth, MI 60042","pbkdf2:sha256:260000$5rRZV5kvvRflYV5F$b98c2df18b65bfeedcf550f4cf12c9395940639e8033d7ca1eae9e9182d147ab","477.31"
"27","shellywolfe@gmail.com","Jacob","Michael","60493 John Vista
Markfurt, MN 06982","pbkdf2:sha256:260000$eVlquaLCDmNwQIu0$458591986d18de5ee0cf41a43475d32cbe4cce066e51183579791f5cfcde9f6d","49.17"
"28","jose44@yahoo.com","Chad","Jones","5614 Vickie Rue
Andrewburgh, MD 30096","pbkdf2:sha256:260000$ZNDkoyYyl1oYDEKr$247ed240c4ebac1def51af7a8e656e178f69e94ac615ec07b31e005299cefa88","486.01"
"29","tara29@yahoo.com","Michael","Stark","99505 Kim Spurs Suite 175
East Dennis, AZ 48220","pbkdf2:sha256:260000$j3a4MBm04NO05PyP$df547a7e52f91518f6b9a38bd44f2a9aec280a4afaafc4ff23b1c45267d8260d","4.73"
"30","lindseycalvin@hotmail.com","Ashley","Medina","397 Price Keys
Port Carla, WI 04113","pbkdf2:sha256:260000$wBO5UvzLy9a0Ncwl$758d9b9606b2f639d8323784865a6aa72fe6da99d553386bbf08f9db4639d9ee","228.40"
"31","jennifer58@hotmail.com","James","Hughes","4217 Sean Mount Apt. 818
Lesliefort, OH 83796","pbkdf2:sha256:260000$ayYKU1EiRkQnQYKG$9f6ed2da7fbb68a13061933e01577d164f6b52c0aa556a46f714dbd4d96b81ae","236.41"
"32","ryanatkinson@hotmail.com","Erica","Harris","18252 Kim Plains Suite 332
New Ethan, DE 58437","pbkdf2:sha256:260000$hk5m2ltddG1fbNK8$88225702f8465e99a196ae0ac588e755a3f10f65f42970b4cf87d0c57fd9b1ff","375.89"
"33","johnsmith@hotmail.com","Kelly","Jones","1798 Estrada Divide Suite 556
Grahamside, ID 09058","pbkdf2:sha256:260000$16igZzrZS2PIuvu3$8f025a41cc97cf61099a8a87fd447a9aec8ebf87974ebcdf4530e5d925d1f37c","233.78"
"34","hillchristine@yahoo.com","Zachary","James","15131 Adam Meadows Apt. 147
New Royport, SC 05861","pbkdf2:sha256:260000$j5pviPng5CNDRQ7R$d09b1afbcf8b0e63ea9363a1d3baffc26ba658fc68c85778f2d45bacb90632e1","137.41"
"35","rachel96@yahoo.com","Ashley","Jennings","20910 Angela Inlet
East Amanda, IL 12254","pbkdf2:sha256:260000$1h9itRJW7LZfeTdj$10e68f67919b94c4f3972591379c2dacb6c6fd33596a5db49952dc6b566cf9a0","68.36"
"36","landrews@yahoo.com","Deborah","Mcguire","067 David Walks Suite 149
Harrismouth, IA 32284","pbkdf2:sha256:260000$lrgUaL5kdymButOT$dbbf0e73b1ac4eec74bea2d78bbe74e51d56e059f61ea669ab4a854c2376ed8d","361.82"
"37","jonesbrandon@yahoo.com","Tricia","Johnson","060 Burke Gateway
South Christopherton, WI 06064","pbkdf2:sha256:260000$klPRsiG3lsOXaoSO$38f519b37bd58ceb46bfb7d3f35b5ef2be592b057cb81da56e5b969238860f20","157.11"
"38","ksmith@yahoo.com","Jennifer","Rodriguez","Unit 7511 Box 1318
DPO AA 94183","pbkdf2:sha256:260000$HWmFZyNApFBzTJR4$d6ba573de200a76867ddeb452ca35bc80d9c7a2d56e062c80d21d83cb40f4662","276.14"
"39","lchandler@yahoo.com","Debbie","Ross","1279 Anderson River Apt. 808
Port Loganbury, MO 05855","pbkdf2:sha256:260000$mtBMQtqf1J3DLRlM$f6428ad563c7e4ce5f8c6756d4e677b21d9c5205c0bfc5160960cc23f1c26964","257.08"
"40","kkaiser@gmail.com","Colleen","Mcdonald","58778 Reynolds Walks
Port Stephanie, MO 47144","pbkdf2:sha256:260000$JSCQFNet8egrN53u$5024cb5b91262eb749a1aadadffd8df22f7cd14a01c672e29525a0b5a63d2e0e","461.79"
"41","benjaminhenderson@yahoo.com","Debra","Thompson","3350 Scott Flat Suite 223
South Billymouth, NH 71069","pbkdf2:sha256:260000$gr1VOE8zK8zxpbPm$bddbd0dd4bda6132be7daee000a37f6b130323cae751d1b0ef9889767af3176a","265.56"
"42","perezjessica@hotmail.com","Amy","Jones","40873 Larson Creek
Rachelfurt, MS 38517","pbkdf2:sha256:260000$8S6HJHp93l651bMh$2ebaec2c15ae10ddb44121cd405ed9843e39eb9c6291de0c3b06b3857b664203","218.55"
"43","robertskelli@gmail.com","Joe","Reeves","673 Jessica Island
Lake Cassandra, VT 50119","pbkdf2:sha256:260000$PCOqxYAkRpMAINFH$446259ff9ed9422fde7f71e8300f03f9c2562044d0266384a14d0f5ce25c4a1f","317.56"
"44","erikandrews@gmail.com","Vincent","Cordova","31110 Bradley Mall
Port Michael, MS 80998","pbkdf2:sha256:260000$eacnVFeC58Ahaxy0$0fa0e453865ae0ba64eb80175c10aee7ccbf130f5877233141f5e14f403a6968","424.77"
"45","nicholasscott@gmail.com","Charles","Walker","5697 John Pines
Jennifermouth, IL 30568","pbkdf2:sha256:260000$wP7brH3GPXBQwOX3$4575419770b48720e99f49b61ceec80caabd9cb271602925599c9797db80e517","395.64"
"46","rodriguezamanda@gmail.com","Jacob","Hess","659 Landry Throughway Suite 591
Walkerfort, MI 37570","pbkdf2:sha256:260000$E88A1psdTj9WjBn1$c82bfee74d88aee3aa410a4286da8ce385a9d16739f654db6c8b1ac659331a55","318.96"
"47","april38@gmail.com","Sierra","Ramos","0840 Pope River
Davidtown, IA 82410","pbkdf2:sha256:260000$gSs7ztSSXbyWkLG7$a23a27f1297b4ab788a97b6ca8ae3e5102275c7f63c15d58ca421d16fb4dd71c","171.02"
"48","uschmidt@gmail.com","Edward","Brown","098 Smith Light Suite 142
North Gregory, TX 76195","pbkdf2:sha256:260000$9v4piHszhELfsDCg$279d9361019708bf754871d45912a632d0fe0c63b6396405fc1100ddf1854a25","471.51"
"49","justinramirez@yahoo.com","Andrew","Moore","USNV Sullivan
FPO AA 81427","pbkdf2:sha256:260000$YBoDT1XCGlXpzAon$96fa0247cad0cde53fb0af4cf7957d4321a36f15e6b57283d794624e555c2c8c","316.19"
"50","davidrobbins@hotmail.com","Sean","Gray","321 Kaufman Point
North Nathanborough, ME 86553","pbkdf2:sha256:260000$deR9Qe7Bu0JeYcv8$76e100754e788f01fb2e177921ca3a1fb167b5adb81c07042a5f4374c70cfba3","137.97"
"51","meghanhunt@hotmail.com","Zachary","Williams","552 Harris Neck Suite 932
West Daniel, CO 86504","pbkdf2:sha256:260000$usMXpXvIdmkakAPp$675b7a3ed74145054e829661d2f5beb56e6637851963eb9fe602585d90c394e5","153.63"
"52","ortizdonald@hotmail.com","Joseph","Walker","479 Katherine Forest Suite 190
New Lesliehaven, HI 60285","pbkdf2:sha256:260000$hBJVuAlE6PzPY1a8$2c65c24216a72d9e74bb685638627c0af9cec9273b8599fe33d8f21e6f5deb94","405.91"
"53","angelapitts@gmail.com","Robert","York","89694 Adam Drive
Ericksonberg, MI 10669","pbkdf2:sha256:260000$ApXEeoOFbTbiyex6$a5bb2baeacea7b5f4389a7dcc32ff701b7bca230da3cc1f9e390a080b854f44e","205.17"
"54","herbertgarcia@gmail.com","Jenna","Shea","15511 Jamie Underpass
Sparksland, OK 47211","pbkdf2:sha256:260000$RaPjW43KztiXikXZ$31c546abf4c906311c4ae0a6b9a9ba036ef7a1477091dc2aabfc5e4228c8c8d8","447.63"
"55","andrewyoung@hotmail.com","David","Mcdonald","619 Anderson Square Apt. 671
Amandaburgh, VT 27242","pbkdf2:sha256:260000$crQBMvbBwLDxxFdd$97edf110d5e638071f943bb1e1870bd73ec6abab26ea61a87ee1b23908a55a94","269.83"
"56","ubennett@gmail.com","John","Chambers","71353 Mitchell Mountain
Hortonshire, NY 28081","pbkdf2:sha256:260000$68CmOO1Zsfy53Gd7$5d9e9cddebb4974f07dd19e315df139e4a8cea219f84132750d50bace70dc970","495.38"
"57","rvelasquez@hotmail.com","Joseph","Marsh","447 Andrew Mission Suite 956
Melissaview, TN 60942","pbkdf2:sha256:260000$imFuJ9wd8NDHOYJy$889853fef31bce2b0f311af08ad67b3e4c3f33aa0c4915444acbe25caa5a1928","145.35"
"58","justin34@hotmail.com","Drew","Hernandez","021 April Via Suite 105
Kyleport, NV 04627","pbkdf2:sha256:260000$BSquW28lFZxXfOX7$57449d39b3c02a830be5551f98e5ea4a05c1d7d5319293024d91b109ac027b89","86.36"
"59","bergjames@yahoo.com","Jose","Bowers","PSC 5317, Box 5199
APO AA 87042","pbkdf2:sha256:260000$xKWGWtoTBdOnfvHH$141424688813e3a7d6ff971fe8de8a3d9fbe58be957f7bb6122dd501c35a263b","446.20"
"60","eric91@hotmail.com","John","Santiago","3267 Michael Fork
West Brittany, OK 64690","pbkdf2:sha256:260000$0eRyISM91R0Tm949$e47f079b96642c640e26c382f08c4f990dacbf1d088765857895062ff117c7de","316.50"
"61","denise24@gmail.com","Allison","Stewart","3124 Dawn Freeway Apt. 239
Livingstontown, ID 74910","pbkdf2:sha256:260000$zcoZar8Fb7BtJ4vS$49ba6c50b283093abc5730f4dd961e4d3013c6dbcb4bfbb60e3001fffd362f28","153.29"
"62","jamesgalloway@yahoo.com","Joe","Sandoval","Unit 4281 Box 6351
DPO AE 97210","pbkdf2:sha256:260000$TrpexO5dER865ry4$78f10ef6b5c556316d6745801c19493cd616af7ae855a701989cb8f14e30fd2e","155.39"
"63","georgewilliams@yahoo.com","William","Miller","550 Paul Groves Apt. 874
South Louischester, NH 76761","pbkdf2:sha256:260000$k7FMSEPUrcmPASUO$2a70a450acf36d4d3e640bfabaab66b8334cb5736b5123e8a4e609db29476e20","161.25"
"64","ebeltran@hotmail.com","Joseph","Estes","Unit 1652 Box 7695
DPO AP 37463","pbkdf2:sha256:260000$7DbaMStK77vvCf0w$68a05fb1d224af1397b8f5229137de281c174d29c3f044e71e17593e855d039f","9.80"
"65","marcharris@yahoo.com","Crystal","Deleon","075 Marie Oval
Stevenston, KS 64376","pbkdf2:sha256:260000$ChH3MMBQB16hdaxg$0f9e46bc7faaa0f7fd251774be70c9574b6da4b30088d652c78428b880a53585","56.41"
"66","xmurray@yahoo.com","Julia","Payne","0732 Hernandez Oval Apt. 453
New Stacy, NH 36659","pbkdf2:sha256:260000$lQWyspfGxTaDu4P5$4cabdc86c4ad223efd0916dd0f88096d4eeb2ea67abb8742c1788a7a0622c653","34.28"
"67","robert61@yahoo.com","Justin","Valentine","USS Miller
FPO AA 16800","pbkdf2:sha256:260000$iDb9ov90uyZPfDqG$564b80fb9a731926564532da4a1083697e9f839468297bf153dfae8dccc29553","434.82"
"68","hscott@yahoo.com","Christy","Hansen","3649 Kayla Walk
Danielhaven, WI 32687","pbkdf2:sha256:260000$f42gD7Yl3zvPYfFE$0685e58c5689737ae2b506f334bf48fff63e95328208de22b9569bdd1ad72e2d","443.97"
"69","tyleramber@gmail.com","Mariah","Stephens","33241 Bautista Lock Suite 276
Port Stephaniestad, MI 30738","pbkdf2:sha256:260000$f9MXvWiat5HIsuIz$7eaf8955b69a7a115b4e2bcd1706786eaf8d12abe2f38b6b9d2e25fbe182983a","318.16"
"70","fmorgan@gmail.com","Katherine","Palmer","1005 Brian Estate Apt. 004
North Jessica, VA 95131","pbkdf2:sha256:260000$rPJCkgQHXrfnmJmz$daf13f392f7af0698509b829644de61d97a8855311e57e8a8ca823d19d28b461","179.91"
"71","leahtrevino@yahoo.com","Mark","Mcclure","235 Welch Port
North Jennaberg, NM 67265","pbkdf2:sha256:260000$XMZL5B2alWoufV4W$61ba4a8d34c5dde27e38137f1c063718fa4b851aaaecc1b34b2f5d05b3f0d3e8","79.36"
"72","francesmorales@hotmail.com","Leroy","Garcia","135 Bishop Shoals
Maryview, MT 18507","pbkdf2:sha256:260000$6c94HT6A1qCsHZ1W$b5f37b3b07f760d37a509ff45dc558589d41ab23519caaf4fc5e5f6f72436b70","126.24"
"73","hawkinsjulia@gmail.com","Holly","Bruce","268 Bailey Via
Turnerview, CO 07483","pbkdf2:sha256:260000$zuO0MuLJARBFd4L6$548f6bc8c148f99ac148893818ce6e27eae31ca807645c6ad0610f257c10d018","285.74"
"74","mary01@yahoo.com","Anna","Sims","0256 Carrie Mission
Markchester, CA 50403","pbkdf2:sha256:260000$ckEiQjtgFG8KYJ83$3bf285994667b336ead6a65cb11e625a5af2a7dc90188ddc1fd74a0358a75a78","418.28"
"75","lspears@yahoo.com","Hannah","Hamilton","38281 Bryan Route Suite 955
Watsonborough, RI 76682","pbkdf2:sha256:260000$1N0Lqrs8baubY0j5$e6903279e6a5c37d5b04105d0ecce9915428602ac33afb5a98a4ccd753e2967a","93.02"
"76","mhunt@yahoo.com","Crystal","Robinson","7637 Williams Forges
South David, WV 55116","pbkdf2:sha256:260000$F86jNmVQYjIgTLaN$2ea68415fe829dbda16e2262e31ae7b0e5991ce5c7c08c6f0c734ebe84bb44df","407.25"
"77","qwebster@gmail.com","Chris","Donovan","5437 Horne Isle Apt. 931
East Michael, VT 66123","pbkdf2:sha256:260000$ImR905DdCDruu3iU$03b35a592a07a0b869e6de072ab830e8ed038a18f71ee9ae68d9eb9012f71a85","161.18"
"78","michaelparker@gmail.com","Elizabeth","Romero","039 Murphy Knolls
Mackfurt, GA 65178","pbkdf2:sha256:260000$8z1AVbTLldmzSVgH$00d9489ae61905356755c5c531bbdbf9a7abe4c8298d829f5ad100586c8fb5b1","246.59"
"79","sanchezkevin@gmail.com","Dr.","Brooke","PSC 0007, Box 7763
APO AA 23549","pbkdf2:sha256:260000$f6X70zhXZVcnpXWw$82f2cee777aa982cae01715f7eceaea734e1d36fbed89129629e0a861785e891","105.54"
"80","whitejeffrey@hotmail.com","Dr.","Kevin","982 Bradley Plain Suite 697
Ashleyside, NC 48400","pbkdf2:sha256:260000$pEZTLN6iuHA7c1kE$1a16fc454d0ac7110feb36f03ff1fe328ccfb1de3d00f00b9387b7e005d5ad67","336.32"
"81","jesse76@yahoo.com","Amanda","Brown","8157 Taylor Lodge
South Melanieshire, AK 45617","pbkdf2:sha256:260000$9DsxD6TkdjI5j3kj$0c6a9581aad06f787da20071825388fa235c72632a7241b98672565ae76918d6","431.07"
"82","lowens@hotmail.com","Jennifer","Carter","USCGC Oconnor
FPO AP 62109","pbkdf2:sha256:260000$15W9IvG6T1FPr636$e271142ec4e2f7c4e2e9b3e3415c6a2e7366b72e58fb622a1391fe3cc666453c","289.43"
"83","sherrytucker@yahoo.com","Patricia","Jensen","88177 Joshua Mission Apt. 512
Port Ashley, MO 25882","pbkdf2:sha256:260000$EKPO7DhhJHv5pygY$51766a522fbe30f8c6ce5e788c883745dac69929ab5207c9d21facabc9ab2fdf","439.86"
"84","hickstaylor@gmail.com","Kenneth","Graham","0435 Sally Light
East Johnfort, NH 53823","pbkdf2:sha256:260000$SQYWOFRR6zHIiFu7$0978c595d43844ecf0178670f6b38cf770a0ae0df04802499763dd01723f0304","101.50"
"85","lori59@hotmail.com","Karen","Watkins","58693 Kristen Forks
Port Kathyfort, OK 67903","pbkdf2:sha256:260000$Nowj7LmDWRXaHSga$28a9dd97989debd290cbf1506e6f58e36d371a105b54876f287ba499df22db1b","196.31"
"86","ohuynh@yahoo.com","Kathy","Mckenzie","0494 Christina Islands
Anthonyland, WA 83471","pbkdf2:sha256:260000$jcmJa33TbkDXdIEZ$15bbeefb8b3d5cddbd8ff97d1f81e20bab14cfb299552c717056e782d9a11cb0","417.57"
"87","thompsonann@hotmail.com","David","Jones","207 Anderson River
West Jill, NV 65088","pbkdf2:sha256:260000$zLdjmcN74qJHuE4u$e194a00f60df43368bc6ed2434b1b5c303f08abd83fb0e799670d103a45fc7c0","448.63"
"88","christine19@hotmail.com","Taylor","Martin","93093 Lisa Roads
Bensonfurt, FL 44971","pbkdf2:sha256:260000$fI7PNeRGz5f3F5bd$11855b3ea544201394eee2b2a89e8b880bc2c726c8cfa480b34fbdaf72fee7e2","173.01"
"89","sheltonjames@hotmail.com","Cynthia","Gardner","083 Louis Causeway Apt. 617
Snyderside, WV 59157","pbkdf2:sha256:260000$sUo8d4WeDRWnQLX5$2d1b5b1c42387fcd3412bd61e4b590b569691085f01d8704988dbb2af6cace21","325.32"
"90","youngpaul@hotmail.com","Mr.","Ian","701 Richard Way Suite 437
Teresafurt, NY 15297","pbkdf2:sha256:260000$ddQNnXjHJf9DVerN$4f22c6e0e6b3b8e2223f60fd7fe134a3485813e20814b17127051381844cce0f","136.10"
"91","amberschneider@yahoo.com","James","Brown","67171 Jonathan Inlet Suite 443
Debraberg, PA 99225","pbkdf2:sha256:260000$QGnB4pzaoVuWVyAV$aed2a22e77ecd0f66cea4373092a905e098a183aa2bca7e0f278d097be517f26","134.96"
"92","jonathon00@yahoo.com","Jessica","Johnson","PSC 5677, Box 7526
APO AE 89086","pbkdf2:sha256:260000$PRCvNzM4aECAhbsp$1b92c1ba875ddad73164b5007e035d95629ebcf3ea3ecc60f9026df09e36be14","243.25"
"93","tmartinez@yahoo.com","Mrs.","Jessica","45118 Timothy Turnpike Suite 580
South Patriciaton, MD 95331","pbkdf2:sha256:260000$RMbKLYPMzyArVtWG$2783cc716f225dce7d9e5c896d3c64c542f8d4f5bf6f2b724ea9095d03ea1a43","64.36"
"94","simmonsadam@gmail.com","Carolyn","Jackson","365 Kim Summit
East Crystal, DE 30088","pbkdf2:sha256:260000$n4DQNW7WvADkjNR2$991b6f509b5ce9ee9a13277fd74a14507861b8f78ce4ad8df4362a404ddbd064","351.76"
"95","sarah23@hotmail.com","Curtis","Harvey","3540 Hamilton Greens
Kimberlyland, WA 02127","pbkdf2:sha256:260000$Eb4wJCIpVproCPho$1a8c242a3bcd4741769a7cf8fc1c0a76c721e1effd6138bc929a685c5046e06b","454.47"
"96","amber48@yahoo.com","Bryan","Vaughan","Unit 8950 Box 8016
DPO AA 69388","pbkdf2:sha256:260000$CF4mh3KGi5OdfDhe$10567ef57b4722aaa88c9b43fd96c590c6cf7f290ac654667a880e2020a5ae22","264.69"
"97","sanderson@gmail.com","Michael","Chandler","01277 Richard Ports Apt. 140
Wernerbury, VT 17605","pbkdf2:sha256:260000$BsRBZpYpDDdBr7jH$efb2a24a5531e7aaf8b762d59dbdfb9db63098a117b4ed61fbec1c285912a3af","181.86"
"98","reynoldslisa@hotmail.com","Laura","Gordon","6111 Lindsay Ford Apt. 990
Jeffreychester, AR 88521","pbkdf2:sha256:260000$RE1km1PJh5Gg84UD$d2fa1f298a3bb6318163a9d9b73d1c965c719eb115f42de4b94b4c5f6cdc8b5f","384.35"
"99","rnguyen@hotmail.com","Dr.","David","2361 Neal Lake Apt. 878
East Joshuastad, ID 32737","pbkdf2:sha256:260000$D1SJj5PudwNXsePM$13737d2c36fb88a9c4af1f21a1969a2d40ca11270a28a994fbe4f86580d18f3f","225.59"
"100","williamfigueroa@hotmail.com","Lori","Daniels","Unit 2017 Box 0629
DPO AP 18468","pbkdf2:sha256:260000$VvDINK9tuHzYsWa0$830fa9be86d2b36a63b2a509da1a5634bf750c2286cb654d424e0bf1d031aae9","266.50"
"101","michael25@yahoo.com","Thomas","Roberts","PSC 3323, Box 2060
APO AA 80780","pbkdf2:sha256:260000$O9bxeAgsfrLqhhCD$5d9922bb7a790aca44d5b53906bab63a3342e03d30d621c5f26045289fa33980","352.43"
"102","arnoldantonio@gmail.com","Gregory","Walter","PSC 4230, Box 2709
APO AP 54425","pbkdf2:sha256:260000$1oFrvCIOpGknIIDw$c1680031f92e06de4cf3bc916f20f471894f2b476b5db77f661e663359689475","487.83"
"103","barbara28@hotmail.com","Mr.","Kevin","94478 Gordon Ridge Suite 101
West Christinachester, MS 49295","pbkdf2:sha256:260000$CEpax3zriy2GKbGA$db9b5fc4282e8b38698cfa19750410b938f3955f33bf047b1de13b6e822f8e70","225.64"
"104","garrettkane@gmail.com","Casey","Miranda","223 Thomas River Suite 952
Sarahshire, LA 32065","pbkdf2:sha256:260000$i0N97oRhPs6rTw5o$d6b9d6241066d3a4fa6fcbfbef899d9711b385531c194515d8ca6896840b08f0","66.03"
"105","smithluis@yahoo.com","Amanda","Williams","8329 Leon Plains
Nielsenfort, ND 63209","pbkdf2:sha256:260000$bqQaCHPnbVuTmrq3$8a38d05d1e021ccb80c815be87b3b390267f22b60fc3e68145f20fd2786d710a","210.18"
"106","dking@gmail.com","Nathaniel","Smith","89401 Davis Causeway
Zunigafort, DE 92273","pbkdf2:sha256:260000$hrdchDhLIoiRoAJU$dd79ae0566f082b08d20256380979aeb2e9c4ac3681f45b32c878e52a2acd166","237.09"
"107","troytaylor@hotmail.com","Zachary","Johnson","6189 Ronald Overpass Suite 609
East Katieside, FL 33883","pbkdf2:sha256:260000$3wOXq3yYohGuPhWd$b28ce45e11a56fbfb6ff4da29b9d8380a39f5e5d164f783f7a579b7cf5ce42ce","280.81"
"108","wwalker@gmail.com","Samantha","Wright","PSC 6259, Box 3374
APO AA 77298","pbkdf2:sha256:260000$NHYttXIHj3NmfVUq$e0d22b6b88b53595721f0a87a5f79978fedacb22beda57a0b64bae1370c7212a","33.72"
"109","oosborn@gmail.com","Vicki","Turner","59177 Fleming Isle Apt. 812
North Sara, IA 27280","pbkdf2:sha256:260000$u9hKUNCfAhi5J6lS$3f84034fab5b2bf2040cf08f2a39a834b4c557661f2316b11119b5cf0f075506","192.67"
"110","heathercalhoun@gmail.com","Adam","Cunningham","PSC 4841, Box 6098
APO AP 05531","pbkdf2:sha256:260000$lV6AUVnpLdrYQrCz$3c4a1971e6dc8a47a0b0e5209e3bc08e5160ec8c7647541905f5e077c49f6204","165.38"
"111","smithlori@gmail.com","Tracey","Cook","24806 Aguilar Prairie Apt. 251
Lisaport, OK 68495","pbkdf2:sha256:260000$FpPJTQ0QosTYidIV$459b9a9b59cce9093d8db47feca47fa32db4c9b3f052d499632df6dc0077a18f","120.69"
"112","lopezalison@hotmail.com","Christopher","Cox","557 Christina Mall Apt. 112
Lake Stephanieland, NC 75165","pbkdf2:sha256:260000$dvZgzNpOOtO6A1JE$e80445e6cba32ed4d153771d2b462cf5c3c3176a1becfae7e94a673968df05cb","463.22"
"113","shannon62@gmail.com","Lindsey","Lewis","64648 Nicholas Bypass
Lake Jennystad, MD 54213","pbkdf2:sha256:260000$kAgY4C5wWBjTpo4S$f623e06c4488d6f202caf3c37fa5fc51ecd9c25c78abc4f9560ae163520fa781","220.44"
"114","pamela22@hotmail.com","Ashley","Benson","0841 Walker Port Apt. 849
Mitchellview, OH 85844","pbkdf2:sha256:260000$9m6xtJt1nWhbmoVW$e42db7b28337997b0a692c0299c8058a3ee4e33a598faf3be24671152510a7a4","304.21"
"115","qbryant@hotmail.com","Kimberly","Thompson","52329 Alvarado Street
East Jason, MA 32843","pbkdf2:sha256:260000$blJDqFpBf4DC0kzX$5a5381501313b5acfb2db3a4f1f5132fcc3534c2305411094435642e68470f7f","59.05"
"116","bjohnson@gmail.com","Sandra","Cobb","PSC 2953, Box 4506
APO AA 02780","pbkdf2:sha256:260000$zOsZGmNM2ZRH5S1h$226349da72c59a4336be7f55506ce82a2483757c8b04819c93eac39efa94fcff","427.22"
"117","turnerwilliam@hotmail.com","Monica","Cabrera","86148 Marcus Wells Suite 792
Jeffreyfurt, OK 48806","pbkdf2:sha256:260000$bk4QCq8icFkVhsEV$93f3d9ef87b7f7fb4cb806e2a55356f16e5aab45576fe84e4d9c121a6126284d","330.00"
"118","balljustin@yahoo.com","Tyler","Young","Unit 3427 Box 1014
DPO AP 40501","pbkdf2:sha256:260000$32Ng9qsZAcpIfBFe$7717d1a32f60226bbd314898fdb10a0d3da81df41ebe8443e9b532a1914aeade","115.94"
"119","dawsonaustin@yahoo.com","Dawn","Dawson","852 Wagner Row Suite 385
New Devin, LA 05353","pbkdf2:sha256:260000$KoKO0v9AWDl0ucIP$c0a808469a7e50be30574bbbe437ea53384bedde0b25c04402bca1faa34153f0","21.64"
"120","kathryn47@gmail.com","Marcus","Johnson","51185 Jacqueline Isle Apt. 353
Johnfurt, AZ 02391","pbkdf2:sha256:260000$8I4pPn1np9ElpXGK$7dfd8e71d87b2d16e044549ef55913c939fb9bf278d9abc14b41e7bf23c3c181","343.52"
"121","aliciaward@hotmail.com","Bonnie","Hunter","06261 Christopher Green Suite 295
New Scotthaven, SD 02107","pbkdf2:sha256:260000$wd4Vc2e29DfVJSUF$0d52a9ed65010542e4dc09d80c976bb6a051d02f694adb3438137156c1ed227f","58.24"
"122","brenda97@yahoo.com","William","Pace","USNS Jimenez
FPO AA 61378","pbkdf2:sha256:260000$UFJZFxX0sC2zsanN$dfa3eeb66fea22141274de45fb5b7194bb50889d39ad98ec7a15acdf8e8bce5f","424.95"
"123","dlopez@yahoo.com","Linda","Villa","25588 Rachel Expressway
New James, AZ 74922","pbkdf2:sha256:260000$pnLP0CNslQtehtLt$3c1d2d741ecc9cccc93ea1da9d1de4917baabd9279b6e1ed44309445575dc2f6","348.03"
"124","oscott@yahoo.com","Edgar","Oliver","01361 Ashley Knoll Suite 129
East Jason, NC 24246","pbkdf2:sha256:260000$nH8GEqPJMgrxuECY$1df8b1a3ffc892f10958410b4a1a52562adbf7c1a48f5d4299f9b00a13439889","6.15"
"125","nicholasortega@hotmail.com","Abigail","Anderson","383 Jennifer Ports
Reginachester, VA 74683","pbkdf2:sha256:260000$4H2DShe0Eay6yO99$8017b2e089f0bd88c52bdb4a847eb5b18513eb71e7633800ea85dcb766f45567","389.16"
"126","drakenicholas@gmail.com","Tracy","Miller","40323 Berry Row
New Judy, MN 51572","pbkdf2:sha256:260000$haayDgd5BhS7XWQi$fa18b07bfddecf9a7f2a3e7c64196074352f909d64d79d38fe221ffd81f9da36","377.55"
"127","joannarichardson@hotmail.com","Collin","Williams","10275 Fitzgerald Mills
Lake Tommyborough, GA 56831","pbkdf2:sha256:260000$XwI3eNRD6uoGKj4u$2993c3ebbbd19bd8a70fa71809d728b8128280ab904b2aa75436ffaa461e40bb","357.60"
"128","zmurillo@hotmail.com","Charles","Brown","9637 Jackson Walk
Debraville, WY 76881","pbkdf2:sha256:260000$wdQv8YY1dCwcR6bq$4d1bc2a05bd10cbdab434b41852409493cd19139d3732a8c44c5670a360c9f96","440.75"
"129","jeffreyhines@yahoo.com","Kimberly","Watts","00579 Logan Summit
Petersville, NY 90075","pbkdf2:sha256:260000$BoYJLtuZ2EZvwf9F$5dc99c0239f4b08cecffb4e5f21593835f4d57e8e5f21075d8c0cb56fba84313","11.37"
"130","slucero@yahoo.com","Mary","Martin","337 Desiree Glen Suite 752
Kyletown, PA 50470","pbkdf2:sha256:260000$mP2T5I0lrzmUBDsE$f1692ffa89ed4491c177b58bf037b440f9bc8d84bdc37c5f90a413db548038ea","463.16"
"131","austinmiranda@yahoo.com","Scott","Fisher","00739 Edwards Islands
East Keithview, WI 73590","pbkdf2:sha256:260000$t9tGRB16D1eZHmFx$58e4010e81014937095178ca8fa35e9c12cd7f16cde370c848468521f8ad6574","329.41"
"132","hbradley@gmail.com","Ian","Alexander","4712 Curtis Springs Suite 252
Port Sarahchester, AK 30296","pbkdf2:sha256:260000$mNLn7exfPr78703x$d1b78169e5944c177c402ead0ae6157965fba5d841734578f4f0e5fbd2eb108c","234.06"
"133","kimharris@yahoo.com","Olivia","Ramos","9643 Haynes Knolls
Wintersview, NV 85960","pbkdf2:sha256:260000$Y8NAKYU2WHM05oNH$705376d78fe9349b14bccef2544f3ac70f9c51edb04ec2355c6a788a26c4d9cc","408.00"
"134","tammy50@gmail.com","Jordan","Holder","Unit 8328 Box 7406
DPO AP 04685","pbkdf2:sha256:260000$sak3NEmn648j5E2Q$f544d46c5925bac282b3e801e8f901a2aa87f39ee812f9952396354b9111b7cd","480.97"
"135","hernandezsusan@gmail.com","Amber","May","396 Reed Mission
Benjaminton, CO 98113","pbkdf2:sha256:260000$n3FtjjqUPO7ISnz3$4ca2bcc485aa5a10747341aca13e6bbbd8cfc3864de72e00de6d724b797c4698","491.52"
"136","margaretlee@yahoo.com","Cynthia","Jones","3896 Justin Square Suite 689
Mortonview, ID 27526","pbkdf2:sha256:260000$JKx60pAOfpIanOun$db65b9f3538f34caeb9a2e5ef10239291002f970dfe5bed68c678e731af18a8e","402.09"
"137","xflores@hotmail.com","Kelly","Martin","8361 Miranda Throughway Suite 413
West Roy, AL 84636","pbkdf2:sha256:260000$oQzwerjSstj8m4uY$111947c29f0b22b9df861feb5953173f21b8786b344fb0b6252f4f47d818548e","283.91"
"138","xmiller@yahoo.com","Daniel","Jimenez","201 Robertson Shore
Port Christina, MO 29542","pbkdf2:sha256:260000$Xxgqdioh2QIutwmK$a07d5b146b38abe6b18bfcf16ef17ca657698ef0c216ee654cee85577bbd4750","348.70"
"139","codyenglish@hotmail.com","Denise","Sims","PSC 3244, Box 3010
APO AP 44342","pbkdf2:sha256:260000$EXKzkVMCJvojUtoD$af674153eed69688b88acb42d13352631a976719f76c879940961182b304c9c2","304.41"
"140","hyoung@gmail.com","Joshua","Acosta","35910 Carrie Rapids
Pricebury, NM 47914","pbkdf2:sha256:260000$FvhjwJsoGm0sohHB$48ce11c06c8990d35f41605787e9750d935b6079131ab68ed12041c55b55c6a2","436.22"
"141","kevin30@hotmail.com","Brianna","Sanchez","59284 Samuel Trafficway Suite 607
Ryanmouth, TN 84270","pbkdf2:sha256:260000$QAdPij5iWmuHoyZd$98ad04c84768197e61c21b7705d035bfcaa80e3355618cebb59de8e411a430ec","24.66"
"142","gabrielleallison@yahoo.com","Haley","Lopez","996 Michael Wall
South Martha, NE 86944","pbkdf2:sha256:260000$9UDt7O8OHwM43pFP$edacc1d7e11c215e125f3374167176d4a5f46b29c3e6214be050726bf297550a","118.45"
"143","greenebrenda@hotmail.com","Joshua","Green","9827 Regina Alley Suite 841
New Jessicahaven, MI 86461","pbkdf2:sha256:260000$AdEYekkAejw2BFym$765e2eedc7d4a846058e26ab05a1c12d9ffe1e8e476a506f47e3ebf7f9861103","428.45"
"144","shill@hotmail.com","William","Lawson","6224 Moore Heights
Alisonfurt, RI 82280","pbkdf2:sha256:260000$QMjc2asyg0AMP7gG$9fb824b584ff7f801e34bb10973c78958a4b545577a120b3cd3c6bc172fd460d","384.99"
"145","zfrye@yahoo.com","Kelly","Williams","48908 Rachel Isle
New James, PA 53916","pbkdf2:sha256:260000$WtJoGfEg2LncpkkC$a96755b55d286809b328dca503487aa74031e17ac9322230027f93ff6ce0f415","312.21"
"146","william70@gmail.com","Ashley","Cooper","77271 Thomas Pine
Emilychester, MI 05021","pbkdf2:sha256:260000$nSXe5vMQUCrg2xeM$735f7633b695f7278787f01fc9bc7977818b396d3f193f3ec9b9a997ab0db7d2","68.13"
"147","paynekaren@hotmail.com","Eric","Calhoun","7145 Ramirez Route
Lake Amy, RI 60357","pbkdf2:sha256:260000$0WjA3nqwxyiYgIi4$c29db4862e7e47e46d871e39a0350b19659d9d6d25be0f3cd513dbc156962e2b","193.17"
"148","ireyes@gmail.com","Christina","Jones","79413 Davis Landing Suite 510
West Cole, NV 89802","pbkdf2:sha256:260000$EgLFlxcASndJcF9U$3ab62350343a57ef3d083fd9702f9c06f2328e9bb87b9b9fd50dbb525b9b753f","223.54"
"149","hurstseth@yahoo.com","Brad","Martinez","1350 Russell Corners
Port Nancy, OR 05664","pbkdf2:sha256:260000$TcShFzIrRJDNNvMk$ff3cc1c17c3cc46f683e600a467902be0abc7f50a1a48eb446a3261bce41d6a1","121.64"
"150","leblanclauren@yahoo.com","Michael","Li","Unit 2765 Box 2924
DPO AP 85551","pbkdf2:sha256:260000$Q6o8d18Cweb4SrYY$6189b76ebb2ccd67528873be4336b33c2f595e73386c8ff580bef0fd81c0b257","476.22"
"151","kimberly13@yahoo.com","Derrick","Arnold","63585 Jared Islands Suite 971
East Mariaside, ID 21253","pbkdf2:sha256:260000$m5s3umWi9XOKnC4E$35551abe10766788239355a9af40068933c33f000ae161faf2a4bf281e426e2f","221.39"
"152","joel38@hotmail.com","Brandon","Ramirez","636 Jones Place Suite 446
Jasminetown, DC 15281","pbkdf2:sha256:260000$IgukQEEj8rL7PJoB$0caa4cf3a733f6983be6c3a20db93e7b1b64c43cd51653115411e2fc1f434372","436.43"
"153","donna30@yahoo.com","Ryan","Palmer","93301 Brent Throughway
Robertburgh, WI 27810","pbkdf2:sha256:260000$r0mdoNILwg5ztkop$09da5276e961394e40b22094dbc7bddabc004cc31768474a406f6842f2e6d14c","443.70"
"154","garrettpratt@gmail.com","Brandi","Patrick","10715 Morrison Fords Apt. 808
Robertmouth, SC 78397","pbkdf2:sha256:260000$QKu9lL4CB3xfZdAZ$28945355a112c68e7c754c685343972dfc3fd1db0bb00eeba1edf33e59b4e41c","252.55"
"155","misty54@hotmail.com","John","Michael","156 Todd Squares
North Deborahmouth, IA 62027","pbkdf2:sha256:260000$7NbfCBu3QwpaOORq$991097b0d5e14f269b1d2897956868e2c617c5d29f1daecdb7aa7fc936b49807","395.26"
"156","carlsonvanessa@hotmail.com","Matthew","Williams","80173 Courtney Brook
Lake Richardmouth, AZ 02634","pbkdf2:sha256:260000$PtgtLIxjQQeIuTDk$dad05d126a71cf3350f0188409b94f936468368f882b6f4ea74ed008e7384ae0","156.20"
"157","vanessawright@yahoo.com","Christopher","Caldwell","066 Palmer Mountains
Allentown, CO 96137","pbkdf2:sha256:260000$oIPVWKpvX9OluPCb$dd39cc42e33c1e91e62ad053c3754ae09662f9630ba19a94d22397852903c94e","53.10"
"158","flong@gmail.com","Keith","Duran","31789 Young Station Suite 141
South Andrewborough, MO 73389","pbkdf2:sha256:260000$sXM3HOmANr7LKDWr$9cd75db7d1985095662627b21e129259497e2343838924457a6d511da938fba3","50.65"
"159","stephaniejohnson@gmail.com","Lindsey","Stevens","012 Jenny Spring Apt. 091
Burnsfurt, MT 02720","pbkdf2:sha256:260000$X2P8iMX3HsWgzc9y$dc26d2e0019eb8dfa14e85d6220f4aa39c02051380cd2370d790fd46c402bdf1","40.26"
"160","william82@gmail.com","Melissa","Smith","Unit 6669 Box 5755
DPO AA 95717","pbkdf2:sha256:260000$26jagrHXTqbq0tgR$fbdbe019557e98f276796054e3597f3f223e00a199d1849373cc23fc62950b7d","69.94"
"161","wilkinsdarlene@yahoo.com","Theresa","Boyle","980 Deborah Garden
Ryanmouth, UT 84735","pbkdf2:sha256:260000$zlsB8jLUy1VygiIu$dbed52a7f41eec1e4e05cd7c97fde8fc2f80eae07c67ddb0f11f7683ec693d86","476.92"
"162","michael37@yahoo.com","Jessica","Shea","2533 Travis Extension Apt. 380
Zhangmouth, WY 73091","pbkdf2:sha256:260000$0fAZ0ugmJJ3iCj3Y$dc2d424ed93b88b3de987b6ae82bdb336ff6cd885b8df0664819677d69c7a229","447.30"
"163","smithbrandon@gmail.com","Isaac","Webb","54246 Smith River Apt. 787
Jenniferfort, MS 39682","pbkdf2:sha256:260000$N1iRpaKeCgE5W9ph$442de0479083990c0a8783f6dce04f1959f1ac4bbd6f37d12c1db2ecd50d8a14","15.33"
"164","allenmolly@hotmail.com","Alexander","Huber","0763 Taylor Trail
Port Dustin, NH 47172","pbkdf2:sha256:260000$zWrL94tGisOjtLYs$d41c7e6e2417342db0e382e8d10ebb2a7dc47b958bf5c8af498a357d7bd12a79","220.57"
"165","ecummings@gmail.com","Benjamin","Sheppard","1175 Beck Ville
Port Patrickton, IL 89667","pbkdf2:sha256:260000$vXsUZ48Ob1m2xIH0$1043d4975ef795283abc4618478e7d2b3b6745fb38c1142b538e64130b22a44f","183.31"
"166","amyrodriguez@yahoo.com","Katrina","Marshall","49090 Richard Divide
Lake Angela, ID 14081","pbkdf2:sha256:260000$1sJSRsaSuQr6r68A$2fb34f7d2fb366b09fe5417bdd45fa76b7b67c0727e0e1f8534ac218a955e0bd","485.03"
"167","castrojeremy@hotmail.com","Antonio","Gonzalez","503 Johnston Landing
Lake Johnchester, RI 85161","pbkdf2:sha256:260000$kf3Hvxm0j9iP7DDv$87ebd9504be43841ca34f9b86793a026fefe2924e1ca82e9363cfa0e32bca3c5","201.01"
"168","kharris@yahoo.com","Mark","Brown","80414 Brooke Springs Apt. 401
Gonzalezbury, VA 61314","pbkdf2:sha256:260000$F6qQGLn2t8EwcIZA$eb262b1573c0cfc0c209501c8361093f8394a0ed59c66bcc4668e604fedf5f5b","371.93"
"169","georgethomas@yahoo.com","James","Neal","6958 Johnston Summit Suite 638
Beckyshire, WY 24286","pbkdf2:sha256:260000$Qi5ZQWF4RpDO3DLD$16c0d4f428a2a5ce273e70f64cdc0e5e6cea288614bd172d1e1133caf1ee12c4","105.54"
"170","ashley30@hotmail.com","Alexandra","Rose","3852 Morrison Trace Apt. 806
West Allison, KS 03158","pbkdf2:sha256:260000$aL9qyqdsWF8HynB4$26da97f3e1a46c13b40351d766f1bee6185a260b4827a7e120ff143b0aa1ae07","347.36"
"171","rogersshelley@yahoo.com","Peter","Jones","4653 Clark Village
Watersshire, MN 45635","pbkdf2:sha256:260000$5bVer3Xm0W4YSAuH$33f3ba4c63bcb0e1cb78e0bd92be58b362661f961a90f6db4f41d3b0d2561432","151.84"
"172","murillothomas@yahoo.com","Maria","Martin","04325 Robinson Forks Apt. 454
North Nicholasport, AZ 64427","pbkdf2:sha256:260000$xnnk1xncidsy5WO3$7ec920d55adf739d4149f0ec42d452aaeca6a7d50d21ddcc409d122bc0c98993","91.87"
"173","smithnicholas@gmail.com","Larry","Hanson","Unit 2775 Box 6176
DPO AP 35914","pbkdf2:sha256:260000$STqrVRQ7udLO7071$deea1003944d00bf412f7e51d0ffe8c6215867813fa3c1cdb5783f004d42b8f9","94.05"
"174","megan41@gmail.com","Todd","Deleon","035 Bethany Terrace
Perezshire, CA 04303","pbkdf2:sha256:260000$3PSo2E1opJRJVGhq$d0974228239807788ef1dd07dc48ffe603e0ad2214104faf94e51f4178287a7e","376.57"
"175","knolan@yahoo.com","Timothy","Dean","7549 Kevin Square
South Sarahshire, CA 86199","pbkdf2:sha256:260000$If7wuqNSpH1NRhOk$6379ae807cf9652e088936ae8090161272b37301b25827ad2ff570b4968ec3a1","476.34"
"176","rodney96@hotmail.com","Rose","Smith","69663 Perez Burg Apt. 533
South Michael, NC 57757","pbkdf2:sha256:260000$OO34SSmr4nBf0RGk$80671fd332994d5de1d241821409acbc93b85f1c154935066a7445c478b8d9a6","29.14"
"177","michael27@yahoo.com","Michael","Washington","18542 Scott Roads Suite 644
Hillshire, ID 47644","pbkdf2:sha256:260000$3jgb3kDMFErGu5mB$fa861e5fbeddc7137f8c1831019530d01d319d979b844a72da9b81ee1f6db0fa","383.42"
"178","christinegriffith@gmail.com","Luke","Stevens","81037 Figueroa Lights Suite 508
Johnborough, KY 78238","pbkdf2:sha256:260000$2OXl1jpKGlbaY5I3$0fc26b5ec2136450255cf80b0602b64090273403d33910de414bf4b96092ad6b","318.01"
"179","coopersherry@yahoo.com","Brandon","Taylor","892 Courtney Streets
New Joshua, NE 32811","pbkdf2:sha256:260000$dGe7ipUkmlKoA33z$451bb7b01577b82bd44db222cc34b006b3338d2d309ab48112bb21768b1d8c2a","166.29"
"180","jessicamartinez@yahoo.com","Madeline","Martin","Unit 6658 Box 6196
DPO AA 19575","pbkdf2:sha256:260000$hqclTqqmruXH0fIb$d885d50cd2aae896a4b017b4f46aae4b2e364eec7c3c5e143f24fb0e2d23de4c","233.66"
"181","nelsondennis@yahoo.com","Jessica","Rose","1196 Parker Station
New Cheryl, KY 98765","pbkdf2:sha256:260000$BzcwJkF7hvrwTh6Q$e6b424867faa1810d7dd8a26e9456da31450c17bd916958b13ed17833c0e3191","328.36"
"182","ian67@gmail.com","Elizabeth","Chandler","73711 Cassidy Street
Friedmanmouth, NV 56799","pbkdf2:sha256:260000$5kJLB3ZLzovu0old$93c163bdc6734b797ec8eb02d416f6e21223bc3acf16271557f09529d09a62bf","275.63"
"183","jcarter@hotmail.com","Mary","Houston","72382 Ian Glen
Marshallfort, AR 80786","pbkdf2:sha256:260000$uqyGNpUcGtcROrVr$03ae58f3e0dbe8ab30c8759735b5aa4740b1bf59a7cd3bbc1feb6be503cde230","130.29"
"184","robertabyrd@gmail.com","Michael","Campbell","1578 Michael Ramp
Cannonberg, SD 35013","pbkdf2:sha256:260000$HDqZRoZr1zgqFt5S$2fb487fca3f7a881989763b6ae9c77da4c98f2a6ee1c297bdb04054240be2f55","362.22"
"185","gsanders@yahoo.com","Charlotte","Bennett","318 Anderson Forge
Prestonmouth, AZ 77836","pbkdf2:sha256:260000$vlk0cV7ciKOtqVQ9$30fa61fa65f888f91ae175b285323bda594df07378e89686f6198e0af9ba4a97","390.70"
"186","suzanneharris@yahoo.com","Jesse","Spencer","9426 James Common
Port Stacy, MT 98980","pbkdf2:sha256:260000$ZkgZTAEayQkj7law$bf23243b91cba38157bbb7cfa4350834c5601a1595a366b15f2535ca1fab3f01","261.73"
"187","maxwelleric@gmail.com","Malik","Mccormick","4309 Randy Walks
Melendezmouth, ME 71000","pbkdf2:sha256:260000$OiuqTM6IklSdf1qN$778d76068ca9ec5ab589d23ef41c0296abd02d854d3bf8c182dc8704a9ca3107","481.67"
"188","charles64@hotmail.com","Ernest","Roberts","PSC 9966, Box 3517
APO AE 61624","pbkdf2:sha256:260000$XHWqRM3CR4YGdqBI$e7c61cfeb95c77a8d446d7a2a4c5b5be2b67f6110a1382f8fd093deb22cf7cec","134.26"
"189","harriskathy@gmail.com","Lisa","Harvey","81323 Green Vista
Cynthiahaven, MA 94560","pbkdf2:sha256:260000$67kut78fPqIGJu5G$552e1f21201a24bc9afbaba762724e8e8f925ffdd10ce6f40965e7f83087a10f","267.22"
"190","shawtheodore@hotmail.com","Logan","Ryan","39665 Curtis Alley
Paulville, ID 54186","pbkdf2:sha256:260000$tHC0uocQm8sTFo8r$5a74bc69439cb0a928e93f4688c1612a53f5be28b6a802adb639b993f00cf885","367.24"
"191","boonethomas@gmail.com","Christina","Torres","126 Lyons Hill Apt. 526
Janeshire, IA 45091","pbkdf2:sha256:260000$R1QAcwNFFU682GC3$01e6cfaef2fd628e69bfb77767dd7b00313bf75a3e36c393cf095758fd668012","223.29"
"192","dennisjacob@gmail.com","Kevin","Massey","3499 Fleming Green
South Lawrence, MO 15996","pbkdf2:sha256:260000$psBWOIPNppe1azCM$c883330be54407379e057afbb2e84c859c2ccfaa77e9d08426ed853e4031fa47","143.38"
"193","cgraham@yahoo.com","Susan","Willis","74499 Xavier Ferry
Kevinborough, KS 75537","pbkdf2:sha256:260000$N9N3mC7Hrfv82WxN$608c17f944c83bfce4a8e121146e1d7df28f96dec82423f6301827cec9d54b26","358.49"
"194","steven63@yahoo.com","Mary","Thompson","9409 Diaz Glens Apt. 855
Lake Jasmine, MS 48046","pbkdf2:sha256:260000$GYpqO1TmBMw5CFai$fee9eb4dc24d0db6dcb29b32a074ecfa42d125662dfec57ea36c16328918a7a2","378.88"
"195","christopher89@hotmail.com","Stuart","Baxter","73093 Sanchez Squares
East Barbara, WV 03646","pbkdf2:sha256:260000$N3FwTiaWCATtj2xD$66fce5596b93aa8e8c3115a34dc6a515d7cbfc887ee6a872ed61d7129b1a90d3","270.00"
"196","pklein@hotmail.com","Andrew","Ross","2273 Betty Roads Suite 346
Fisherburgh, WY 71405","pbkdf2:sha256:260000$P2sCDYIGt9cYhbUR$4d073482accc28bb45a6d4f7547d4c82fbcc6634519af78b73ec5cefdb01e8eb","448.49"
"197","sjames@yahoo.com","Mary","Clark","USCGC Lewis
FPO AA 10577","pbkdf2:sha256:260000$ycFkBF9xmELYheun$287ebeb2de501f423be43c3c0e47f0b842a5b6a28b4c65d09e5d742e2df99f95","321.48"
"198","richard08@gmail.com","Andrea","Thornton","70370 Tanner Junction
Phillipshaven, GA 41617","pbkdf2:sha256:260000$qHp9ZzJKmROr010a$7bb10343974190dba13f2078bed80592f1bf1c4079349db7b44a88c0e605d1d6","357.62"
"199","gonzaleswendy@hotmail.com","Todd","Paul","845 Harold Gateway Apt. 770
Jessicafurt, VT 94303","pbkdf2:sha256:260000$N4W4d4mTp5hSaSfg$3692dcb743eb3ddd1a2ea43693dcf6565807db93b2200633da5ae20d53c01b60","387.77"
